time,v1,v2,v3,v4,v5,v6,v7,v8,v9,v10,v11,v12,v13,v14,v15,v16,v17,v18,v19,v20,v21,v22,v23,v24,v25,v26,v27,v28,v29,v30,v31,v32,v33,v34,v35,v36,v37,v38,v39,v40,v41,v42,v43,v44,v45,v46,v47,v48,v49,v50
1,1,1,0,0,1,0,0,0,0,0,0,1,1,0,1,0,0,0,0,0,0,0,1,1,1,0,0,1,0,1,1,1,0,0,1,0,1,0,1,1,0,0,1,1,0,1,0,0,1,1
2,1,0,1,0,1,0,1,1,0,0,0,0,0,0,0,0,1,1,1,1,0,0,0,1,1,1,1,0,0,1,0,1,1,0,1,1,1,1,0,0,0,1,0,1,0,0,1,0,1,1
3,1,0,0,1,1,1,1,1,0,1,1,1,1,0,1,0,0,0,1,0,0,1,1,1,0,1,0,1,1,0,1,0,1,1,1,0,0,1,1,0,0,0,0,1,1,1,0,1,0,0
4,1,1,0,0,0,1,1,1,0,1,1,1,0,1,0,0,1,0,1,1,0,0,0,1,0,0,1,1,0,0,1,0,1,1,1,1,1,0,1,0,0,0,0,0,1,1,0,0,0,0
5,0,1,0,0,0,0,0,1,0,0,1,1,1,0,1,1,1,1,1,1,1,0,1,1,0,0,1,1,1,0,1,0,1,0,1,1,1,1,1,0,1,1,1,0,1,1,0,1,1,1
6,0,1,1,0,1,0,1,1,0,0,1,1,0,1,0,0,0,0,1,0,1,1,1,0,0,1,0,1,1,1,1,0,0,0,0,0,0,0,0,0,0,1,0,0,1,1,0,0,1,1
7,1,1,0,0,0,0,0,0,1,0,0,1,1,1,0,1,0,0,1,0,0,0,1,1,1,0,1,0,1,1,1,0,1,1,1,1,0,0,1,0,1,0,1,1,1,0,1,1,0,1
8,0,0,1,0,0,0,1,1,1,1,0,0,0,1,1,1,1,0,0,1,1,1,0,1,1,1,1,0,1,0,1,1,1,0,0,0,1,0,0,1,1,1,0,1,0,1,1,1,1,1
9,0,0,1,1,0,0,0,0,0,1,0,1,1,0,1,1,1,0,1,1,1,0,0,0,0,1,0,1,1,1,0,1,0,1,0,1,0,1,1,0,0,1,1,1,1,1,1,0,0,0
10,1,0,0,1,0,0,1,0,0,0,0,0,0,0,1,0,0,1,0,0,0,1,0,0,1,0,0,1,0,1,1,0,1,1,1,1,0,0,0,0,1,1,1,1,1,1,0,0,1,1
11,0,1,1,1,1,1,1,1,0,1,1,1,1,0,1,0,0,0,0,1,0,0,0,1,0,1,1,1,1,1,1,1,0,1,0,0,0,0,0,1,1,1,0,1,0,1,1,1,1,1
12,1,1,1,0,1,1,0,1,0,0,0,1,1,1,1,1,0,1,0,0,0,0,1,0,1,1,0,0,1,1,1,0,0,0,1,1,1,0,0,1,1,1,0,0,1,1,0,0,0,1
13,1,1,0,0,0,0,0,0,0,0,1,1,1,1,1,0,0,1,1,0,1,1,0,0,1,0,1,1,0,0,0,0,0,0,1,0,0,1,1,0,1,0,0,1,0,1,1,1,0,1
14,0,1,0,1,0,1,1,0,0,1,0,1,0,1,0,1,1,1,0,0,1,0,0,1,0,1,0,0,1,1,1,0,0,1,0,1,1,0,1,0,1,1,1,1,0,1,0,1,0,0
15,0,1,1,1,0,1,0,1,1,1,0,1,1,1,0,1,0,1,0,1,1,0,0,0,1,1,0,0,1,0,1,1,1,0,0,1,1,0,0,1,1,1,0,0,0,1,1,0,0,0
16,0,0,1,1,0,0,0,1,1,0,1,0,1,1,1,0,0,1,0,0,1,1,0,1,1,1,0,1,1,1,1,0,0,1,1,0,1,1,1,1,0,0,1,1,0,1,1,1,1,0
17,1,0,0,1,0,1,0,1,0,0,0,1,0,1,0,1,0,1,0,0,1,1,1,1,1,0,0,1,1,1,0,0,0,1,0,0,0,0,0,1,1,0,0,0,1,1,0,1,0,1
18,1,0,1,0,0,1,0,1,0,1,1,1,0,0,0,1,1,1,0,1,1,0,1,1,1,1,1,0,1,0,1,0,0,1,0,1,0,1,1,0,0,1,0,0,1,0,1,1,0,1
19,1,1,0,1,1,0,0,0,0,0,0,1,0,0,1,1,0,1,0,0,1,1,0,0,1,0,0,0,1,0,1,1,0,0,0,0,0,1,1,0,0,0,0,1,0,0,0,1,0,1
20,0,1,0,1,0,1,1,1,1,0,1,1,1,0,0,1,1,0,1,1,0,1,1,0,0,1,0,1,0,1,0,1,1,1,0,0,1,1,0,0,0,0,0,0,1,0,0,0,1,0
21,1,1,1,0,1,0,1,0,1,0,1,1,1,0,1,0,1,1,1,0,0,0,0,1,0,1,1,0,1,1,1,0,0,0,1,0,1,0,1,1,1,1,1,0,0,1,1,1,0,1
22,1,1,1,1,0,0,1,1,1,1,0,1,0,1,1,1,0,0,0,0,1,1,0,0,0,0,0,0,1,0,0,1,0,1,0,0,0,1,0,0,1,1,0,0,0,0,0,1,0,1
23,1,1,0,1,0,1,0,1,1,0,0,1,0,1,1,0,0,0,1,1,0,1,0,1,0,1,1,1,1,0,1,0,1,1,1,1,1,1,1,0,0,0,1,1,0,1,0,1,1,0
24,0,0,1,0,1,0,1,0,0,1,1,0,0,0,1,1,1,1,1,0,1,1,1,0,1,0,0,1,0,0,0,1,0,1,0,0,1,1,0,1,0,1,1,1,1,0,1,0,0,1
25,1,0,1,0,0,0,0,1,1,0,0,0,0,1,0,0,0,0,1,0,0,1,1,0,1,0,0,0,0,0,1,0,0,0,0,1,1,0,1,0,0,1,0,0,0,0,1,0,0,0
26,1,0,0,1,0,0,0,1,0,0,0,0,1,0,0,1,0,0,0,1,0,1,0,0,1,1,0,1,0,1,0,1,1,0,1,1,0,0,0,1,0,0,1,0,0,1,1,0,1,1
27,1,1,0,0,0,1,1,0,1,0,1,1,0,1,0,0,1,1,1,0,1,1,1,0,0,0,0,1,1,0,1,0,0,1,1,1,1,1,0,1,0,1,0,0,1,0,1,1,1,0
28,0,0,0,0,1,1,0,1,1,1,1,1,0,1,1,0,0,1,0,1,1,0,1,1,1,0,0,1,0,1,0,1,0,0,1,0,1,0,1,0,0,0,1,1,1,1,1,1,0,0
29,0,1,0,1,0,0,0,1,0,0,0,0,1,0,0,0,0,1,0,1,1,1,1,1,0,0,1,0,0,0,1,0,0,0,0,0,0,0,1,1,1,0,0,1,1,0,1,1,1,0
30,1,0,0,0,0,1,0,1,1,0,0,0,0,0,1,1,1,1,1,0,1,0,1,1,1,1,1,0,0,0,1,0,0,1,0,1,1,1,1,0,1,0,1,1,1,0,1,1,1,0
31,0,1,0,1,1,1,0,0,0,1,1,0,0,0,1,0,1,1,0,0,0,1,1,1,1,0,0,1,1,0,0,1,0,1,1,1,1,1,0,0,1,1,0,1,1,1,1,1,1,0
32,1,0,1,0,1,0,1,0,0,1,0,1,1,1,1,0,1,1,0,1,0,1,0,0,1,0,1,0,1,1,1,1,1,1,0,1,1,0,0,0,0,0,0,0,1,0,0,1,1,1
33,0,1,1,0,0,1,1,1,0,0,1,0,0,0,0,0,1,1,1,0,0,0,1,1,1,0,1,0,1,1,0,1,0,1,0,1,1,0,0,1,0,1,0,1,0,0,1,0,1,0
34,0,1,1,1,0,1,0,0,0,0,1,0,1,0,0,1,0,0,0,1,1,0,0,1,1,1,1,0,1,1,1,1,0,0,1,0,1,0,1,1,1,1,0,1,0,1,1,1,0,0
35,0,0,1,0,0,1,1,0,0,1,0,1,0,1,1,1,0,0,0,1,0,1,0,1,0,0,0,1,0,1,0,1,0,0,1,0,1,0,1,0,1,1,1,1,1,1,0,1,0,1
36,1,0,0,0,1,0,1,1,0,1,0,1,0,1,0,1,1,1,0,1,0,1,0,1,0,0,0,0,1,0,0,0,1,1,0,0,0,0,1,0,0,0,0,1,0,0,0,1,0,0
37,0,0,1,1,0,1,0,1,0,0,1,0,1,1,1,0,0,1,0,1,0,0,1,1,0,1,1,0,0,1,0,1,1,1,1,0,1,0,0,0,0,0,0,0,1,0,1,0,1,0
38,1,0,0,1,0,0,0,0,1,0,0,0,0,1,0,0,1,0,1,1,0,0,0,1,0,1,0,1,0,1,1,1,0,0,1,0,1,1,0,0,0,0,0,0,0,1,1,0,1,0
39,0,0,1,1,1,0,0,1,0,1,1,0,0,1,1,1,1,0,0,0,1,1,1,1,0,0,0,1,1,0,0,1,1,0,1,1,1,0,0,0,0,1,1,0,1,0,0,1,1,1
40,1,1,0,0,1,1,1,0,0,0,1,1,1,0,1,1,1,1,1,0,0,1,1,0,1,0,0,1,0,0,0,1,1,0,1,1,0,1,0,0,1,1,1,1,0,1,0,1,1,0
41,0,1,1,0,0,0,0,0,1,0,1,0,0,0,0,0,1,0,1,0,1,0,0,0,0,1,1,1,1,0,0,1,1,1,0,0,0,0,0,1,0,0,1,1,1,0,0,1,0,1
42,1,1,0,0,0,0,1,0,1,0,0,0,0,1,0,1,0,0,0,1,1,0,0,1,0,0,0,1,1,0,1,1,0,0,1,1,0,1,1,1,0,0,1,0,1,0,1,0,0,1
43,0,0,1,1,1,0,0,1,1,1,1,0,0,0,1,0,1,0,1,0,0,0,0,1,1,1,1,1,1,0,0,1,1,1,1,1,1,0,1,1,0,1,0,1,0,1,1,0,0,0
44,1,0,0,0,1,1,0,1,0,0,0,0,0,0,1,1,0,0,0,0,1,0,1,0,0,1,1,0,1,0,1,0,1,1,0,1,1,0,0,1,1,1,1,0,0,1,1,1,0,0
45,0,1,0,1,1,1,0,1,1,0,1,1,1,1,0,0,0,1,0,1,1,0,0,1,1,0,0,0,1,0,0,1,1,0,0,0,0,0,1,1,1,0,1,0,0,1,0,0,0,0
46,0,0,1,1,1,0,0,1,1,0,0,0,0,0,1,1,0,1,1,1,0,1,0,1,1,0,0,0,0,0,0,0,1,1,0,1,1,0,1,1,0,0,0,0,1,0,0,1,1,1
47,1,1,1,1,1,1,0,0,1,1,1,1,0,0,1,0,1,1,1,1,0,1,0,1,0,0,1,0,0,1,0,0,0,0,0,0,1,0,0,1,0,1,1,0,0,1,1,0,1,0
48,0,1,1,1,1,1,0,0,1,1,1,0,1,0,1,1,1,0,0,0,1,0,0,1,1,0,0,0,1,0,0,1,1,0,1,1,1,0,1,1,1,0,0,0,1,0,1,0,0,0
49,0,1,1,0,0,1,0,0,0,0,1,0,1,0,1,1,0,1,1,0,1,1,0,0,1,1,1,0,1,1,1,1,0,0,0,1,1,0,0,1,0,1,1,0,1,0,0,0,0,1
50,0,1,1,1,1,1,0,1,1,0,0,0,0,0,1,0,1,0,1,0,0,0,1,1,0,0,0,0,0,0,0,0,0,0,1,1,0,1,1,1,1,1,1,0,1,0,1,1,0,0
51,1,0,0,1,1,0,0,1,1,1,1,1,0,1,0,0,0,1,1,1,0,1,1,1,1,0,1,0,1,1,1,0,0,0,0,0,0,1,0,1,1,1,1,0,1,0,1,0,1,0
52,0,1,0,1,0,0,1,1,0,1,0,1,1,1,1,0,1,0,1,0,1,1,0,0,1,0,1,0,0,0,1,1,0,0,0,0,1,0,0,1,0,1,0,1,0,1,1,1,1,1
53,0,0,0,1,1,1,1,1,0,1,1,1,0,0,0,1,1,0,1,1,1,1,1,1,0,0,0,1,1,1,1,0,0,0,0,0,0,0,1,0,1,1,1,0,1,0,0,1,1,1
54,1,0,1,0,1,0,1,1,1,0,0,1,1,0,0,1,0,0,0,0,0,0,0,0,0,0,0,0,1,1,1,1,1,1,0,1,0,1,1,0,0,1,1,0,0,0,0,1,1,1
55,1,1,0,1,1,1,1,0,0,0,0,1,1,1,1,1,0,1,1,1,1,1,1,0,1,1,1,1,1,1,1,0,1,1,0,0,0,1,1,0,0,1,1,1,1,1,1,1,0,1
56,1,1,0,1,1,1,0,1,0,1,0,0,1,1,0,0,0,0,0,1,1,1,0,0,0,0,1,1,0,1,1,0,1,0,0,1,1,0,1,1,0,0,0,0,0,0,1,1,1,1
57,0,1,1,0,0,1,0,0,0,0,0,0,0,1,1,1,0,0,1,0,1,1,1,1,0,0,1,1,0,1,1,0,1,1,1,0,1,1,0,0,1,1,1,1,0,1,0,1,0,0
58,0,0,0,0,1,1,1,1,1,0,0,1,0,0,0,0,0,0,0,0,0,0,1,0,0,0,1,0,0,1,1,0,1,0,1,0,0,1,0,0,0,0,0,1,1,1,1,0,1,1
59,0,0,1,1,1,0,0,1,1,1,1,1,0,1,1,1,1,0,1,0,1,0,1,1,0,0,0,0,0,1,0,1,1,1,1,0,0,1,1,1,0,1,0,1,1,1,1,1,1,0
60,1,1,0,1,1,0,0,0,1,1,1,0,1,0,0,1,1,1,0,1,0,1,1,1,0,0,0,1,0,0,1,1,0,1,0,0,1,0,0,1,0,0,1,0,1,1,1,0,0,1
61,0,0,0,0,1,0,0,1,0,0,0,1,0,0,0,0,1,1,0,1,0,1,0,0,0,0,0,1,0,1,0,1,0,1,0,1,1,0,0,1,1,0,0,1,0,0,0,0,0,0
62,1,1,1,0,1,0,1,0,1,1,0,0,1,1,1,0,0,1,1,0,1,0,0,1,1,0,0,1,0,0,1,1,0,1,1,0,1,0,0,1,1,0,0,1,1,0,1,1,1,0
63,1,0,0,1,1,0,1,0,0,1,0,1,0,1,1,1,1,1,0,1,0,0,1,1,1,0,1,0,0,0,0,0,1,0,1,1,1,0,1,1,0,0,1,0,1,1,0,0,1,0
64,0,1,1,1,1,1,1,0,0,0,1,0,1,1,0,0,1,0,0,1,0,1,1,0,1,1,1,0,1,1,1,1,1,0,0,0,0,0,1,1,1,0,0,1,1,0,0,0,1,0
65,0,1,0,1,1,1,1,0,1,1,1,1,0,0,1,0,0,0,0,0,0,0,1,1,1,0,0,0,0,0,0,1,0,0,1,0,0,1,1,0,1,1,0,0,1,1,0,1,0,1
66,0,1,0,1,1,0,0,0,0,1,1,0,0,0,1,1,1,0,0,1,1,1,0,0,0,0,0,0,1,0,0,0,0,1,1,0,1,0,1,1,0,0,1,1,0,1,0,0,0,0
67,1,1,0,1,1,1,1,0,1,0,1,0,0,1,1,0,0,1,1,0,0,0,0,0,0,0,1,1,1,1,1,1,1,1,1,0,0,0,0,0,0,0,0,0,1,1,1,0,0,1
68,0,1,1,0,1,1,0,1,0,1,1,1,0,0,0,1,0,0,1,1,0,0,0,1,0,1,1,1,0,0,0,1,0,0,1,0,1,0,0,0,0,1,1,1,1,0,0,1,0,0
69,0,1,0,1,0,1,0,0,0,0,1,0,0,1,1,0,1,0,0,0,0,1,0,1,0,0,0,1,1,0,1,1,1,0,1,0,0,1,0,0,0,0,0,1,1,0,1,0,0,0
70,1,1,1,1,1,1,1,0,0,0,0,1,0,0,1,1,1,1,1,0,0,0,1,0,1,0,0,0,0,1,0,0,0,1,1,0,0,1,1,1,0,1,1,0,0,0,1,0,0,1
71,1,1,1,1,1,0,1,1,0,0,0,0,0,0,0,0,0,0,0,0,1,1,1,0,0,1,1,0,0,1,1,0,1,1,1,1,1,0,0,0,0,0,0,0,0,0,0,0,1,1
72,0,1,0,1,1,1,1,0,0,1,1,0,1,0,1,1,1,1,1,0,0,0,1,0,0,0,0,1,0,1,1,1,0,1,0,0,0,1,0,1,1,1,0,1,1,1,0,1,1,0
73,0,0,1,1,0,1,1,0,0,0,0,1,1,0,1,1,1,1,0,0,0,0,0,0,0,0,0,1,1,0,1,1,1,0,0,1,1,1,0,0,0,0,0,1,0,1,0,1,0,1
74,1,1,0,1,1,1,1,0,1,1,0,1,1,0,0,1,1,0,1,0,0,1,1,0,1,1,1,1,0,1,1,0,0,0,1,0,0,0,1,0,0,0,0,0,1,1,1,1,0,0
75,1,0,1,0,1,0,0,1,0,1,1,0,0,1,1,1,0,0,0,0,0,1,1,1,0,0,0,0,1,0,0,1,0,0,0,1,1,0,1,0,0,1,0,0,0,1,1,1,1,0
76,0,1,0,1,1,0,0,1,0,0,0,0,0,1,1,1,0,0,1,1,0,0,1,0,0,0,1,0,1,1,0,1,1,1,1,0,1,0,1,0,1,1,0,0,1,1,0,0,0,1
77,1,1,0,1,0,0,0,1,0,1,1,0,1,0,0,0,0,0,0,0,1,0,0,1,1,1,0,0,1,1,0,0,0,0,1,0,0,0,1,0,0,0,0,0,1,1,0,1,0,0
78,1,0,0,1,0,0,1,1,1,0,1,0,1,1,1,0,0,0,0,0,1,1,0,0,1,1,0,1,0,1,0,0,0,1,1,1,1,1,1,0,1,1,0,1,1,1,0,0,1,1
79,1,1,0,1,0,0,0,1,0,0,1,1,1,0,1,0,0,0,1,1,0,0,0,0,0,1,0,1,1,1,0,0,1,1,1,0,0,1,0,0,0,0,1,1,1,1,0,0,0,1
80,1,1,0,0,0,1,0,1,0,1,1,1,1,0,1,1,1,0,0,0,0,1,0,0,1,1,0,1,1,0,1,1,1,0,1,0,1,0,0,1,1,0,1,1,0,1,1,1,1,0
81,1,0,1,0,0,0,1,0,1,0,1,0,1,0,0,0,0,0,1,1,0,0,1,1,0,0,1,1,1,1,1,0,0,0,1,0,0,0,0,1,0,0,0,1,1,0,0,0,1,0
82,1,0,0,0,0,1,0,0,1,0,0,0,1,1,0,1,1,0,1,0,1,1,1,0,1,0,1,0,0,0,0,1,0,1,1,0,1,1,1,1,1,1,1,0,0,0,0,1,0,1
83,0,0,0,1,0,1,1,1,1,0,1,0,1,0,1,1,0,0,1,1,1,1,0,1,0,1,0,0,0,1,1,1,1,1,0,1,0,0,1,0,1,1,0,0,0,1,0,1,0,0
84,1,1,1,0,0,1,1,1,0,0,0,0,1,0,0,0,1,1,1,0,1,1,0,0,1,0,0,0,1,1,0,0,1,1,1,1,0,0,0,1,0,1,0,1,1,1,1,1,1,0
85,0,1,1,1,1,1,1,0,0,1,0,1,0,0,1,0,0,0,0,0,1,0,0,0,0,1,1,1,0,0,1,0,0,1,1,0,1,0,0,0,0,1,0,0,0,1,0,0,1,0
86,0,0,0,0,0,1,0,1,1,0,1,0,1,1,1,0,0,1,0,0,0,0,0,1,0,0,0,0,1,0,1,0,1,0,0,0,0,0,1,0,1,1,1,0,0,1,0,0,0,1
87,1,0,1,0,1,1,0,1,0,1,0,1,1,1,0,0,0,0,1,1,1,1,1,0,0,1,1,0,0,1,1,0,1,0,1,0,0,0,1,0,0,1,0,1,0,1,1,0,1,0
88,0,0,0,1,1,0,0,0,0,1,1,1,1,0,0,0,0,1,0,0,1,1,0,1,1,1,0,1,0,1,1,1,0,1,1,1,1,0,1,0,0,0,0,0,0,1,0,1,0,0
89,1,1,0,1,1,0,0,0,1,1,0,0,0,1,0,0,0,1,1,0,0,1,0,0,0,0,1,1,0,1,0,1,0,1,1,0,1,0,1,1,0,0,1,0,0,1,0,1,1,1
90,1,1,1,1,1,1,1,0,0,1,1,0,0,1,1,1,0,0,0,1,1,1,1,1,1,1,0,0,1,1,0,1,0,1,1,1,0,0,0,0,0,0,0,0,1,1,1,1,0,1
91,1,0,1,0,1,1,1,1,1,1,1,0,0,0,0,0,1,1,1,0,0,1,0,0,0,0,1,1,0,0,0,1,1,0,1,1,0,1,0,1,0,1,0,0,1,0,0,1,0,0
92,0,1,0,0,0,0,1,0,0,0,0,0,0,1,0,1,1,1,0,1,0,1,1,0,0,0,0,1,1,0,0,1,0,0,1,0,0,0,1,1,1,0,0,0,1,0,0,1,1,0
93,0,1,1,0,1,1,1,1,1,0,1,0,0,0,1,1,1,0,1,1,1,0,0,1,0,0,0,1,1,0,1,0,0,0,0,1,0,1,0,0,1,0,1,0,0,1,0,1,0,0
94,1,0,1,1,1,1,0,0,1,0,0,1,1,0,1,1,0,0,1,1,0,1,0,0,0,1,1,1,1,0,0,1,0,0,0,1,1,0,1,0,1,1,1,0,0,1,0,1,0,1
95,1,0,1,0,0,1,1,0,1,0,0,1,0,0,0,0,1,1,1,0,1,0,1,1,0,0,1,1,0,1,1,0,1,1,0,0,1,0,0,0,1,0,0,1,1,0,1,0,1,0
96,0,0,1,0,0,1,0,1,0,0,0,1,0,1,0,0,0,1,1,1,1,0,1,1,0,1,0,1,0,1,1,1,0,1,1,0,1,0,1,0,0,1,0,0,0,1,1,1,0,1
97,0,0,0,1,1,0,0,0,0,0,0,1,0,0,1,0,0,0,0,1,1,1,0,0,1,0,0,0,1,0,1,1,1,0,1,1,1,0,0,1,1,0,0,0,0,1,0,1,0,1
98,0,1,0,1,0,0,0,0,1,0,1,1,1,0,1,0,1,1,0,1,1,1,1,1,0,0,0,1,1,0,0,0,1,0,1,0,1,1,0,0,1,0,0,1,1,1,0,1,0,0
99,0,1,0,0,1,0,0,0,1,0,0,1,0,0,0,0,0,1,0,1,1,0,0,0,1,1,1,1,0,0,1,0,1,1,1,1,1,0,0,0,0,1,1,1,0,0,1,1,1,0
100,0,0,1,1,1,1,0,0,1,0,1,0,1,0,1,0,1,0,0,1,1,0,0,1,1,0,1,1,1,1,1,0,1,0,1,0,0,0,0,1,1,1,1,1,0,1,0,0,0,1
101,1,0,1,1,0,0,1,0,0,0,1,1,1,1,0,1,0,1,1,0,1,0,0,1,0,0,0,1,1,1,1,0,0,0,0,1,0,1,1,0,0,1,1,0,1,1,1,1,1,1
102,1,0,1,1,0,0,0,1,1,1,1,0,0,1,0,0,1,1,1,1,0,0,1,1,0,1,0,0,0,0,0,1,1,1,1,0,0,1,1,1,1,0,0,1,0,0,0,0,0,0
103,0,1,0,1,1,1,0,0,1,0,0,0,1,1,1,1,1,1,0,1,1,0,0,0,1,0,1,0,1,0,1,0,1,0,0,1,1,1,1,0,0,0,1,1,0,0,1,0,1,1
104,0,1,0,1,1,0,0,1,1,0,1,1,1,1,1,1,1,1,0,1,1,1,0,0,1,0,1,0,0,0,1,0,0,0,1,1,0,0,1,1,1,1,0,1,0,0,0,1,1,0
105,0,1,0,1,1,0,0,1,1,0,0,1,1,1,1,1,1,0,1,0,0,0,1,0,1,1,1,1,0,1,1,1,0,1,0,0,0,0,0,0,0,1,0,1,0,1,0,0,1,0
106,0,1,1,0,1,0,0,0,1,1,0,0,1,1,1,0,0,1,1,1,1,1,0,0,0,1,1,0,0,0,1,1,1,1,1,0,0,0,0,1,1,0,1,1,1,0,1,1,1,0
107,0,0,0,0,1,1,0,1,0,0,1,1,0,0,1,1,1,0,0,0,1,0,0,1,1,1,0,1,1,1,0,0,1,0,0,0,0,0,1,0,1,0,1,0,0,1,1,0,0,1
108,0,1,1,1,0,1,0,1,1,0,0,1,1,1,0,1,0,1,0,0,1,0,1,0,0,1,0,0,1,0,0,0,0,0,0,1,1,1,1,0,1,1,0,0,0,1,0,0,0,1
109,0,0,0,1,1,0,1,1,1,1,0,1,1,0,0,0,1,0,0,1,0,0,1,1,1,0,1,0,1,1,1,0,0,0,0,0,0,1,1,0,1,0,0,0,1,0,1,0,0,1
110,0,1,0,0,1,0,1,1,1,0,1,1,1,1,0,1,1,1,0,1,0,0,0,1,0,1,0,1,1,1,0,1,0,1,1,0,1,0,0,1,1,0,0,0,1,0,0,1,1,0
111,0,1,1,1,0,1,1,0,0,1,1,0,1,0,1,0,1,1,0,0,1,0,0,1,1,1,1,1,1,1,0,0,1,0,1,0,0,1,0,1,0,0,1,1,1,1,0,1,1,0
112,0,0,0,0,0,1,1,1,0,0,0,0,1,1,1,0,0,1,1,1,1,1,1,0,0,0,1,0,1,0,1,1,0,0,1,0,1,0,1,0,0,0,0,0,1,1,0,0,0,1
113,0,1,1,0,0,1,1,1,0,0,1,1,0,1,1,1,0,1,0,0,0,0,1,0,0,0,1,0,1,1,0,1,0,0,1,1,0,1,0,0,1,1,1,0,0,0,1,0,0,1
114,0,0,1,1,1,1,1,0,0,1,1,0,0,0,1,1,1,1,1,0,1,0,0,1,1,0,0,1,1,1,0,1,0,1,1,0,1,1,1,1,0,0,1,0,0,0,1,0,1,0
115,0,1,1,1,0,1,0,0,0,0,0,1,1,0,0,0,0,1,0,1,1,0,1,0,1,0,1,1,0,1,0,1,0,0,0,0,1,1,1,0,1,0,1,0,0,1,0,1,0,0
116,0,1,1,1,0,1,0,0,0,1,0,1,0,0,0,0,1,1,1,1,0,0,0,1,1,0,0,1,0,1,1,1,0,0,1,1,1,1,1,1,0,0,0,1,1,0,1,1,0,0
117,0,0,0,1,1,0,0,0,1,1,1,1,0,0,0,0,1,0,0,0,0,0,0,1,0,1,1,0,1,0,1,0,1,0,0,0,0,0,1,1,0,1,0,0,0,0,0,1,0,0
118,0,0,0,0,1,0,1,1,1,1,0,0,0,1,1,1,1,0,1,0,1,0,1,1,1,0,0,1,1,1,0,0,0,0,0,1,0,0,0,1,1,1,1,0,0,0,1,0,1,0
119,1,1,0,0,0,1,0,0,1,1,1,0,1,1,0,1,1,1,0,0,0,0,1,0,0,1,0,1,1,0,0,0,1,1,1,1,0,1,0,1,0,1,0,0,1,1,0,0,1,0
120,1,0,0,1,1,0,1,0,0,1,0,1,0,0,0,0,1,1,1,0,0,1,0,1,1,1,0,0,1,0,1,1,0,1,1,1,0,1,1,0,1,1,0,0,1,1,0,1,1,1
121,1,0,1,0,1,1,0,1,1,0,1,1,1,1,1,1,1,1,1,1,1,0,0,1,1,0,1,1,1,0,0,0,0,0,1,0,0,1,0,1,0,0,0,1,0,0,1,1,0,0
122,0,0,0,1,1,1,1,1,0,1,1,0,0,0,0,0,1,1,1,0,0,1,1,0,1,0,1,1,1,0,0,0,0,0,1,0,0,1,0,1,0,0,0,0,0,1,1,0,0,0
123,0,0,0,0,1,0,0,1,0,1,1,1,0,0,0,0,0,0,0,1,1,0,0,1,1,0,0,0,1,1,0,0,0,1,1,1,1,0,1,0,1,1,1,1,1,0,0,0,1,1
124,1,0,1,0,1,1,1,1,0,0,1,1,1,1,0,0,1,0,0,0,0,1,1,1,1,0,1,1,0,0,0,1,1,0,0,0,0,1,1,1,1,1,1,0,0,1,0,1,1,0
125,0,0,0,0,0,1,1,0,0,0,1,1,0,0,1,0,0,1,1,0,0,1,1,1,1,1,0,0,1,1,1,1,1,1,0,1,1,0,1,1,0,1,0,0,0,1,1,0,1,1
126,1,0,1,0,1,1,1,0,1,1,1,1,0,0,0,0,1,0,0,0,1,0,1,0,0,0,0,0,0,1,1,0,1,0,1,0,1,0,0,1,0,0,0,1,0,1,1,1,0,1
127,1,1,1,0,1,0,0,0,1,0,1,1,1,1,1,0,0,0,0,1,0,1,1,1,0,1,1,0,1,1,1,1,1,0,1,1,0,0,1,1,1,1,1,1,0,1,1,0,0,0
128,0,0,1,1,1,0,0,1,1,0,0,0,1,0,1,1,0,1,1,0,0,0,1,0,1,0,1,1,0,1,1,0,0,1,0,1,0,1,1,1,0,1,0,0,0,1,0,1,1,1
129,1,1,0,0,0,1,1,0,1,1,0,1,1,0,1,0,1,1,1,0,0,0,0,0,1,1,0,1,0,0,1,1,0,1,1,0,0,0,0,1,1,0,0,1,1,1,1,0,0,1
130,1,1,0,0,0,1,1,1,1,1,1,0,0,1,1,0,0,0,1,0,1,1,1,1,1,0,1,0,1,0,1,1,1,1,1,1,1,0,1,1,1,1,0,1,1,1,1,0,0,0
131,1,0,0,0,1,0,1,1,1,0,0,0,1,1,1,1,1,0,1,1,0,1,0,1,1,0,1,0,0,0,1,0,0,1,1,0,1,0,1,1,0,1,1,1,0,1,1,0,1,0
132,1,0,1,1,1,0,0,0,1,1,0,0,0,0,0,0,1,1,1,1,0,0,1,1,0,1,0,1,0,0,0,0,1,1,0,0,0,0,0,1,0,0,0,1,1,0,1,1,1,0
133,1,1,0,0,1,1,1,0,0,0,0,0,1,1,0,1,0,0,0,1,1,1,0,1,1,0,0,1,1,0,1,0,0,0,0,1,1,1,1,0,0,1,0,0,1,0,1,0,0,0
134,0,0,0,1,0,0,1,0,0,1,0,0,0,1,1,1,0,0,1,1,0,1,0,0,1,0,1,0,1,1,1,1,1,0,0,0,1,0,0,0,1,0,1,1,1,0,1,0,0,1
135,0,1,1,1,1,1,0,0,0,1,1,1,1,0,1,1,1,1,0,0,0,0,1,0,1,0,0,0,0,1,0,1,1,0,0,1,1,0,1,0,0,0,0,1,0,1,0,1,0,1
136,0,0,0,1,0,1,1,0,0,1,0,1,0,1,0,1,0,0,1,1,1,0,0,0,1,0,1,0,0,1,1,0,1,0,0,1,0,1,0,1,0,1,0,0,1,1,1,1,1,0
137,0,1,1,1,0,1,0,1,1,0,0,1,0,1,0,0,1,0,1,1,0,1,1,0,0,1,0,1,0,1,0,1,1,0,1,1,1,0,0,0,1,0,1,0,0,1,1,1,1,1
138,1,1,0,1,1,0,1,1,1,0,1,0,0,0,1,1,0,1,0,1,1,1,0,0,0,0,0,1,1,1,1,0,0,1,1,0,1,0,1,0,1,0,0,0,1,1,0,0,0,0
139,1,0,1,1,1,1,1,0,0,0,1,1,0,1,1,1,1,1,0,0,1,1,0,1,0,1,0,1,1,1,0,1,1,0,1,1,0,1,1,1,1,0,1,0,0,1,0,1,0,1
140,0,0,1,1,1,0,0,0,0,0,0,1,1,1,1,0,1,0,0,1,0,0,0,0,0,0,0,0,0,0,0,0,1,0,0,0,0,0,0,1,0,1,1,1,1,1,1,0,0,1
141,0,0,0,1,1,1,0,0,1,0,1,1,0,1,1,1,0,0,1,0,1,1,1,0,1,0,1,1,0,0,0,0,0,1,0,1,0,1,0,0,0,0,1,0,0,0,0,1,0,0
142,1,0,0,0,1,0,1,0,1,1,0,0,1,0,0,1,1,1,1,0,1,0,1,0,0,0,0,1,1,0,1,1,1,1,0,1,0,1,1,0,1,0,1,0,0,1,1,0,1,1
143,0,1,0,0,1,1,0,1,0,1,0,1,0,1,0,0,0,1,1,1,0,0,0,1,1,0,1,0,0,0,0,0,1,1,0,1,1,1,0,0,0,1,1,0,0,1,0,0,0,1
144,0,1,0,1,0,0,1,0,0,0,0,1,1,0,1,0,1,0,1,1,1,0,1,1,0,1,1,0,1,0,0,1,1,0,1,1,1,0,1,1,0,1,0,1,1,1,1,0,1,0
145,1,1,1,0,1,0,0,1,1,1,0,1,1,0,0,0,1,0,0,0,0,1,1,0,1,0,1,1,1,1,0,1,0,1,0,0,1,1,1,0,0,1,0,0,1,1,0,1,1,1
146,0,0,0,0,1,0,0,0,0,0,1,1,1,0,1,1,0,1,0,0,1,0,1,0,1,0,0,1,0,1,0,0,1,0,0,0,1,1,1,0,1,1,0,0,1,0,0,0,1,0
147,0,1,0,1,1,0,0,0,1,1,0,0,1,1,0,0,1,0,1,0,1,0,1,1,0,0,1,1,1,1,1,1,0,1,0,0,1,1,0,1,1,1,0,1,1,0,0,0,1,0
148,0,1,1,0,0,0,1,0,0,0,1,0,0,1,0,1,1,0,1,0,0,0,0,0,1,1,0,0,0,0,0,0,0,1,1,1,0,0,1,0,1,0,0,1,1,1,0,1,0,1
149,0,0,0,0,0,1,1,1,1,0,1,0,1,1,0,0,1,0,0,0,1,1,1,1,0,1,1,0,0,0,1,0,1,1,0,0,1,1,1,1,1,1,1,1,0,1,0,1,1,1
150,0,1,1,0,1,0,1,1,0,1,1,1,0,1,0,1,0,1,1,1,0,1,0,0,1,0,0,1,0,0,0,1,0,0,0,0,1,1,1,0,0,1,1,1,0,0,0,1,1,0
151,1,1,1,1,1,0,1,0,0,1,0,1,1,1,0,0,1,1,1,1,1,1,1,0,1,1,0,0,0,0,1,0,0,1,0,1,0,1,0,0,0,0,1,0,0,1,0,1,0,0
152,1,0,1,0,0,0,1,0,1,1,0,0,1,0,0,0,1,1,1,0,1,1,0,0,0,0,0,1,0,1,0,1,0,1,0,0,0,0,0,0,0,0,1,0,0,0,0,1,1,0
153,0,0,1,1,0,1,0,0,0,1,0,0,1,1,0,1,0,1,1,1,0,0,0,0,1,1,0,0,1,1,1,0,0,1,0,1,1,0,1,0,0,1,0,0,0,0,0,1,0,1
154,0,1,0,1,0,0,0,1,1,0,1,1,1,1,0,0,0,1,1,0,0,0,1,1,1,1,1,1,0,0,0,1,0,1,1,0,1,1,1,0,1,1,0,1,1,1,1,1,0,1
155,0,1,0,0,0,1,1,1,0,0,0,0,1,0,0,1,0,0,1,0,0,1,1,0,1,0,0,1,1,0,1,0,0,1,1,0,0,0,0,0,1,0,1,0,0,0,0,1,0,0
156,1,0,1,0,1,0,1,0,1,1,1,0,0,0,0,0,1,1,0,1,1,1,1,0,0,1,0,0,0,1,0,0,1,0,1,0,1,1,1,0,1,0,0,1,1,0,1,0,0,1
157,0,0,1,0,0,0,1,1,0,0,1,1,1,1,1,0,0,0,0,0,1,1,0,1,0,0,0,1,0,0,0,0,0,1,0,0,1,0,1,0,0,1,1,1,0,0,1,1,1,1
158,1,1,1,1,1,1,0,1,1,1,0,1,1,1,1,1,1,1,1,1,1,0,0,0,0,0,1,0,1,1,0,1,1,1,0,1,0,0,1,1,0,0,1,0,0,1,0,1,0,1
159,0,1,1,0,1,0,0,1,0,1,1,1,0,0,1,1,0,1,1,1,1,1,1,0,1,0,0,1,0,0,0,1,1,0,1,0,0,1,0,0,1,0,1,1,0,1,1,1,1,0
160,0,1,1,0,1,0,1,0,1,0,1,0,0,0,1,1,1,1,0,0,0,0,0,1,0,1,0,0,0,1,1,0,1,1,1,0,0,1,1,1,1,0,1,1,0,0,0,1,1,1
161,0,1,1,1,1,0,1,1,1,0,0,0,0,1,1,0,0,1,0,0,0,0,0,0,0,1,0,1,0,1,1,1,0,0,0,0,1,1,0,1,1,0,0,0,1,0,0,1,1,1
162,1,0,0,1,1,1,1,0,1,1,0,1,1,0,0,1,1,0,0,0,0,1,1,0,0,1,1,0,0,0,1,1,0,0,0,1,0,0,1,1,0,0,0,0,1,1,0,1,0,1
163,0,1,1,0,0,0,1,1,0,0,1,0,1,1,0,0,0,1,1,0,1,1,1,0,1,1,1,0,1,1,0,0,0,1,0,1,0,0,0,1,1,1,0,1,0,0,0,0,1,0
164,1,0,0,0,0,1,0,0,1,0,1,1,0,1,1,1,0,0,0,0,0,0,1,0,1,1,0,0,1,1,0,1,0,1,1,1,1,0,0,0,1,0,0,1,1,1,0,1,1,1
165,1,0,1,0,1,0,0,1,0,0,1,0,1,0,1,1,0,0,0,0,0,1,0,1,0,1,1,0,0,1,1,0,1,1,0,1,1,1,1,0,0,0,1,0,1,1,1,0,1,1
166,0,0,0,1,0,1,0,0,1,1,1,0,1,1,0,0,0,0,0,0,1,0,1,1,0,0,0,0,0,1,0,0,0,0,0,1,1,1,1,0,0,1,0,1,0,0,0,0,1,0
167,0,0,0,1,0,0,0,1,1,0,1,0,1,0,0,0,1,0,1,0,0,0,1,0,1,1,0,0,1,1,0,0,0,1,0,0,1,1,0,0,1,1,1,1,1,1,1,0,1,1
168,1,0,0,0,0,1,1,1,0,1,0,0,0,0,1,0,0,1,0,1,0,1,1,0,1,0,0,0,0,0,1,0,0,0,0,1,0,0,0,1,0,0,1,0,1,1,0,0,1,0
169,1,0,1,1,1,1,1,1,1,1,1,1,0,1,0,1,0,0,0,0,0,0,1,0,1,1,1,0,1,0,1,0,1,0,1,0,1,0,1,1,1,0,1,1,0,0,1,1,0,0
170,1,1,1,0,0,1,1,1,0,1,0,0,1,1,0,1,0,1,1,0,0,0,1,0,1,0,1,0,1,1,1,1,0,0,0,0,0,1,0,1,0,1,0,0,0,0,0,0,0,1
171,1,0,1,0,0,0,1,1,0,0,1,0,0,0,0,0,0,0,1,1,1,0,0,1,1,0,1,0,0,0,1,0,1,0,1,1,0,0,1,1,0,0,1,1,1,1,0,0,1,0
172,1,0,0,1,1,1,1,1,1,1,1,1,1,0,0,0,1,0,0,0,1,1,0,1,1,1,0,1,0,1,1,0,1,0,1,0,0,0,0,0,1,1,1,1,1,0,0,1,0,0
173,1,1,1,0,0,0,0,1,0,0,1,1,0,1,0,1,0,1,0,0,0,1,0,0,0,1,1,1,0,0,0,0,0,1,0,0,1,1,1,0,1,0,1,1,1,1,1,1,1,0
174,0,0,0,1,1,1,1,0,1,1,0,1,0,0,0,1,0,1,1,1,1,0,1,0,0,1,1,0,1,1,1,0,0,0,0,0,1,0,0,1,0,1,1,1,0,1,0,0,1,0
175,0,0,1,1,0,0,0,0,0,0,1,1,1,1,0,1,0,1,1,1,1,1,1,0,1,1,1,0,0,1,1,1,0,1,0,1,0,0,0,1,0,0,1,0,1,0,0,1,1,0
176,1,0,0,1,1,0,0,0,1,0,0,0,1,1,1,1,1,1,1,0,1,1,0,0,0,0,0,1,0,1,1,1,1,1,1,0,0,1,1,0,1,0,1,0,0,1,1,0,1,1
177,1,1,1,1,0,0,1,0,1,1,1,1,0,1,0,0,0,0,0,0,0,1,1,1,1,0,1,1,0,1,1,0,0,0,1,0,0,0,1,0,0,0,1,1,0,1,0,1,1,0
178,1,1,1,1,0,1,1,1,0,1,0,1,1,1,0,0,1,0,0,1,0,1,0,0,1,0,0,1,1,0,1,1,0,0,0,0,0,1,0,1,0,0,1,1,0,0,1,1,0,1
179,0,0,1,1,1,0,0,1,1,1,0,0,1,1,0,1,0,1,0,1,0,0,1,0,1,0,1,1,0,1,0,1,0,1,1,1,0,0,1,0,1,0,0,0,1,0,0,0,1,1
180,0,1,0,1,1,0,1,1,0,1,0,1,1,0,1,0,0,1,1,0,0,1,0,1,0,0,1,1,1,1,0,1,0,1,1,0,1,1,0,1,1,1,1,0,1,0,0,1,0,0
181,1,0,1,1,1,1,0,1,1,0,0,0,1,1,0,0,0,1,1,0,1,1,0,0,1,0,1,0,0,0,0,1,1,1,1,1,1,1,1,1,0,1,0,1,1,0,1,0,0,0
182,1,1,1,0,1,0,0,0,1,1,1,0,1,1,0,1,0,0,1,1,0,1,1,0,1,0,1,0,0,1,1,0,1,1,1,1,1,0,0,1,0,1,1,1,1,0,1,1,1,1
183,0,0,0,0,1,1,0,0,0,0,1,0,1,0,1,1,0,1,1,1,0,1,0,1,0,1,1,0,1,1,0,0,0,0,1,1,1,1,0,1,0,1,1,1,0,0,1,1,0,0
184,0,1,0,0,1,0,1,1,1,0,0,1,1,0,0,1,0,1,0,1,0,0,1,1,0,0,1,0,1,0,0,1,1,1,1,0,1,0,1,1,1,0,1,1,1,1,0,1,0,1
185,1,1,1,1,1,0,0,0,0,1,0,1,1,1,0,0,1,1,1,1,1,0,1,1,0,0,0,0,0,0,0,0,1,0,1,0,1,0,1,0,0,0,0,1,1,0,1,1,1,0
186,1,0,0,0,0,0,1,0,1,1,0,1,0,1,1,1,0,0,0,1,1,0,0,0,1,1,0,0,1,1,1,1,1,1,1,1,1,1,1,1,0,0,0,0,0,1,1,1,0,1
187,1,0,0,1,0,0,0,1,1,1,0,0,0,1,1,1,0,0,0,0,0,0,1,1,1,0,0,0,1,1,0,1,1,0,0,1,0,0,0,1,0,1,0,0,1,0,1,1,1,0
188,1,0,1,1,1,0,1,0,0,0,1,0,1,1,0,0,0,1,0,1,1,1,1,0,1,0,0,0,1,0,1,0,1,1,1,0,0,0,0,1,0,0,1,1,0,1,0,1,0,1
189,1,1,0,0,0,0,1,1,0,1,1,0,1,0,1,0,0,0,0,0,1,1,0,0,1,0,1,0,0,0,1,0,1,1,0,0,1,0,0,1,0,0,1,0,1,1,0,0,1,1
190,0,0,1,1,1,0,0,1,0,0,1,0,0,0,0,1,0,1,1,0,0,1,0,1,0,0,1,0,1,0,0,0,0,1,0,0,0,1,0,1,0,0,0,0,1,0,1,0,1,0
191,1,1,0,0,1,0,1,0,1,1,0,1,0,1,1,0,0,0,0,0,0,1,0,1,1,0,0,0,0,1,1,0,1,1,1,0,0,0,1,0,1,1,1,1,1,1,0,0,0,0
192,1,0,0,1,0,0,1,0,0,0,1,1,1,0,1,0,0,1,0,1,0,1,1,1,1,1,1,0,1,0,1,0,1,1,0,0,0,1,1,0,1,0,0,0,1,1,0,0,1,1
193,0,1,1,0,0,1,1,1,0,1,1,1,0,1,0,0,1,0,1,0,0,0,1,1,1,0,1,1,0,1,1,0,1,1,1,0,1,0,0,0,0,1,0,1,0,0,1,1,0,0
194,0,0,0,0,1,1,0,0,1,0,1,1,1,0,0,1,1,0,1,0,1,1,1,0,1,0,1,0,0,0,1,1,1,1,1,0,0,0,0,0,0,0,0,1,1,0,0,1,1,1
195,0,0,1,1,1,1,0,1,0,0,1,0,1,1,0,0,0,0,0,1,1,1,0,0,0,0,0,0,0,1,1,1,0,0,0,1,0,0,0,0,1,1,0,1,1,1,0,0,1,1
196,0,1,1,1,1,0,1,0,0,0,0,0,1,0,0,1,0,1,0,0,0,0,0,0,1,1,0,0,0,0,0,1,0,1,1,1,0,1,0,1,0,0,1,0,1,0,1,1,0,0
197,1,0,1,1,1,1,1,1,1,1,0,1,1,0,0,0,1,0,0,0,1,0,1,1,0,0,1,1,1,0,1,0,1,0,0,1,1,0,1,1,1,0,1,1,1,1,1,0,1,1
198,1,0,0,0,0,1,0,0,1,1,0,0,0,1,0,0,1,0,1,0,0,1,1,0,0,1,0,1,0,1,1,0,0,0,1,0,0,0,0,0,1,0,0,1,0,0,0,1,0,1
199,0,0,1,1,1,1,1,0,0,1,1,0,1,1,1,0,0,1,0,0,1,0,1,0,1,1,0,0,0,0,1,1,1,0,1,1,1,0,1,0,1,1,1,0,0,1,0,0,0,0
200,0,1,1,1,0,1,0,1,0,0,1,0,0,1,1,0,0,0,1,0,0,1,1,1,0,0,1,0,0,0,1,1,1,1,1,1,1,1,1,1,0,0,1,0,1,1,1,1,1,1
201,0,1,1,0,1,0,1,0,0,1,0,1,1,1,0,0,0,1,1,0,0,0,1,0,0,1,1,1,1,1,0,1,0,1,1,0,0,1,0,1,1,0,0,1,1,1,0,0,0,0
202,1,1,0,0,1,1,1,0,0,1,1,1,1,1,0,1,1,0,0,0,1,0,0,0,1,0,0,1,0,1,1,0,0,0,1,0,0,1,0,1,1,1,0,1,1,0,1,1,0,1
203,0,0,1,0,0,1,1,1,0,0,1,0,0,0,0,1,0,1,1,1,1,0,1,1,1,1,1,0,0,0,1,0,1,1,0,0,0,0,1,0,0,0,0,1,1,0,1,1,1,1
204,1,0,0,1,0,1,0,0,1,0,0,1,1,0,1,0,1,1,0,0,1,1,1,0,1,0,0,1,1,0,1,1,0,1,1,1,0,1,1,0,1,1,0,0,1,1,1,1,0,0
205,0,1,1,0,0,1,0,0,1,0,1,0,1,1,1,0,0,0,0,0,1,1,1,1,0,0,0,0,0,0,1,1,1,0,1,1,1,1,1,0,1,1,1,0,1,1,1,0,0,0
206,1,1,0,1,1,1,1,0,1,1,0,1,0,1,0,0,0,0,1,1,0,1,1,1,0,1,0,1,1,0,0,0,1,0,1,1,0,1,0,1,0,0,0,1,0,1,1,0,1,0
207,0,0,1,0,1,1,1,1,0,0,0,0,0,0,1,0,0,1,1,1,1,0,1,1,1,0,0,0,1,1,0,0,0,1,0,1,1,0,0,1,0,1,0,0,0,1,0,0,1,0
208,1,1,0,1,1,1,1,0,0,1,1,0,1,0,0,1,0,0,0,0,1,0,1,1,1,1,1,0,1,0,0,0,0,1,1,0,0,0,1,1,0,0,0,1,0,1,0,0,0,1
209,1,0,1,1,1,1,0,0,1,1,0,1,1,1,1,0,1,0,0,0,0,1,1,1,0,0,1,1,0,0,1,1,0,0,1,1,0,0,1,1,1,0,1,1,1,0,1,1,1,1
210,0,0,0,1,1,0,0,1,1,0,1,0,1,1,1,0,1,0,0,1,0,1,0,0,1,0,0,0,1,0,1,1,1,0,1,0,0,0,1,1,0,0,1,1,0,0,1,1,1,0
211,1,0,0,0,0,0,0,1,1,1,0,1,0,0,0,0,1,0,1,1,1,0,0,1,0,0,0,1,1,1,0,0,1,1,1,0,1,0,0,1,1,1,0,0,0,0,0,1,1,0
212,0,0,0,1,1,1,0,0,0,1,0,1,1,0,1,1,0,0,1,1,0,0,1,1,0,0,1,1,0,1,1,1,0,0,0,1,1,1,1,0,1,0,0,0,1,0,1,1,0,0
213,0,0,1,0,1,1,1,1,1,0,0,0,0,0,1,1,1,1,1,0,0,1,1,1,1,1,1,1,1,0,1,0,0,0,0,0,0,1,1,1,1,1,0,0,0,1,0,0,0,0
214,1,1,1,0,0,0,0,0,1,0,0,1,1,1,0,0,1,0,0,0,1,1,0,0,1,1,0,0,1,1,0,1,1,1,1,0,1,0,1,0,1,0,0,0,0,0,0,0,1,0
215,1,1,0,0,1,1,0,0,1,0,0,1,1,1,1,0,1,0,0,1,1,0,1,1,1,0,1,0,0,0,1,1,0,0,1,0,0,0,0,1,0,0,1,1,1,0,0,0,0,1
216,1,1,1,0,0,0,1,0,1,0,0,0,0,1,0,1,1,0,1,1,0,1,0,1,1,1,0,1,0,1,0,0,0,0,1,0,0,0,0,1,1,0,1,0,1,1,1,1,1,0
217,1,1,1,1,0,1,0,0,0,0,1,0,1,0,0,0,0,1,0,1,0,0,0,0,0,0,1,0,1,0,0,0,1,1,0,0,1,1,1,1,1,0,1,0,0,1,1,1,1,1
218,1,1,0,1,0,0,1,1,0,1,1,1,0,1,0,1,1,0,0,1,1,0,0,1,0,1,1,0,1,0,0,1,1,1,1,0,1,0,1,1,0,0,1,1,0,1,0,0,0,1
219,0,0,0,1,1,1,0,0,0,0,0,0,0,0,1,0,1,0,1,0,1,1,0,1,1,0,1,1,0,1,1,1,1,1,1,0,1,1,0,0,1,0,1,0,0,1,1,1,1,1
220,0,1,1,1,0,1,0,1,0,1,0,0,0,1,0,1,1,0,1,0,1,1,0,0,1,1,0,1,0,1,0,0,1,0,0,1,0,1,1,0,0,1,0,1,0,0,1,1,1,1
221,1,0,1,1,1,1,0,1,0,0,0,1,0,0,0,1,0,0,0,1,0,0,1,1,0,1,1,1,0,1,1,0,0,0,0,0,1,1,0,0,1,1,1,1,1,1,0,0,0,0
222,0,1,0,0,0,1,1,1,0,1,1,1,0,1,0,0,0,1,0,1,0,1,1,0,1,0,1,0,0,1,0,1,0,1,1,1,0,1,0,1,1,1,1,1,1,0,0,0,0,0
223,1,1,1,0,0,1,1,1,1,1,1,0,1,0,1,1,0,1,1,1,0,1,1,1,1,1,1,0,0,1,0,1,1,1,0,1,0,0,0,0,1,1,1,0,1,0,1,1,1,0
224,1,1,1,1,0,0,0,1,0,1,0,0,0,0,0,1,1,1,0,1,1,1,0,0,1,0,1,0,0,1,1,0,0,1,0,0,1,1,0,0,0,0,0,1,1,1,0,1,1,0
225,0,1,1,0,0,0,1,1,0,0,0,1,0,1,1,0,0,0,1,0,1,0,1,1,1,0,0,0,1,0,0,0,0,0,1,1,1,0,1,0,0,0,1,0,0,1,0,0,0,0
226,1,0,0,1,0,1,0,1,0,1,0,0,0,1,1,0,1,1,0,1,0,0,1,1,0,0,1,0,1,1,0,0,1,1,1,0,0,1,0,1,0,0,1,0,0,0,1,1,1,1
227,0,1,0,0,0,1,0,1,1,0,0,1,1,0,1,0,1,1,1,0,0,0,1,1,1,0,0,0,1,0,0,0,1,1,1,1,1,1,1,1,0,0,0,0,0,1,1,1,0,0
228,0,0,1,0,1,1,0,1,0,1,1,1,1,1,0,0,0,1,0,0,1,1,0,0,0,0,1,0,1,0,1,0,1,1,0,0,0,0,0,0,1,0,1,1,0,0,1,0,0,1
229,0,0,1,1,0,1,1,0,1,1,0,0,0,1,1,0,0,1,0,0,1,0,1,1,1,1,1,0,1,0,1,1,1,0,1,0,1,1,1,0,1,1,0,0,0,1,0,1,0,0
230,1,0,0,0,1,1,1,0,0,0,0,0,0,1,1,0,0,1,0,1,1,1,1,1,0,0,0,0,1,1,1,0,1,0,1,0,1,1,1,1,1,0,1,0,1,1,1,1,0,0
231,0,1,0,1,1,0,0,0,0,0,0,0,1,0,1,0,1,0,1,1,0,1,1,0,0,0,0,1,0,0,0,0,0,0,0,1,0,1,1,0,0,1,1,1,0,1,0,1,0,0
232,0,1,0,0,0,0,1,0,1,1,1,1,0,1,1,0,0,0,1,0,0,1,0,1,0,0,0,1,0,0,0,0,0,0,0,1,0,0,0,0,1,0,0,1,0,1,0,1,1,0
233,0,1,1,1,0,0,1,0,1,1,0,0,0,1,1,0,0,0,1,0,1,1,1,0,0,1,1,1,1,1,1,0,0,0,0,0,1,0,1,1,1,1,1,1,0,1,0,1,0,0
234,0,0,0,0,1,1,1,1,0,1,1,0,0,0,0,0,0,1,0,1,1,1,1,1,1,0,0,0,0,0,1,0,0,1,0,1,1,0,1,0,0,1,0,0,0,1,1,1,0,1
235,1,0,1,0,1,1,0,0,0,0,0,0,1,1,0,1,1,0,0,0,1,0,1,0,1,0,0,1,1,1,0,1,1,0,0,0,1,1,1,0,0,1,0,1,1,0,0,1,0,1
236,1,1,1,1,1,1,1,1,0,0,0,1,0,1,1,0,0,1,0,1,0,0,1,0,1,1,0,0,1,0,1,0,0,0,1,1,1,0,1,0,1,1,0,1,0,1,0,1,0,0
237,1,1,0,1,0,1,0,1,1,0,1,0,0,0,1,0,0,0,0,0,1,1,1,1,1,0,0,1,1,0,0,1,1,1,0,0,1,1,0,0,0,0,1,0,0,1,1,1,0,1
238,0,1,0,1,1,0,1,0,0,0,0,0,0,1,1,0,1,0,1,0,0,1,0,1,0,1,0,0,0,0,1,0,0,1,1,0,1,1,0,1,1,1,1,1,1,0,0,0,0,1
239,0,1,0,1,1,1,1,1,1,1,1,0,1,0,0,0,0,0,1,0,1,1,0,1,0,0,1,0,0,0,1,0,1,0,0,1,1,1,1,0,1,1,1,0,1,1,1,0,0,1
240,1,1,0,0,0,0,0,0,0,1,0,0,0,1,0,1,1,1,1,1,1,0,0,0,1,0,1,1,0,0,0,1,0,1,1,1,0,1,1,1,1,1,1,1,0,0,0,1,0,0
241,0,1,1,0,1,0,0,0,1,0,1,0,0,1,0,1,0,1,1,1,1,1,0,0,1,0,1,1,0,0,1,0,1,1,1,0,0,0,0,0,1,0,0,0,1,0,1,0,0,1
242,0,0,1,0,0,1,1,1,0,0,0,0,1,0,1,0,1,1,1,1,1,0,1,1,0,1,1,0,0,0,1,0,0,1,1,0,0,0,1,0,1,0,0,1,0,1,0,1,0,0
243,1,0,1,1,0,0,1,1,1,0,0,0,1,0,0,0,0,0,0,0,0,1,0,1,1,0,0,1,0,0,0,0,1,1,1,1,1,0,0,1,0,0,0,1,1,1,1,0,0,0
244,1,1,0,1,1,1,0,0,1,0,1,0,0,0,1,0,1,1,0,1,1,0,0,0,1,1,0,1,0,1,1,0,0,0,0,1,1,0,1,1,0,1,1,1,0,0,0,1,1,0
245,0,0,0,1,1,1,0,0,0,0,0,0,0,1,1,0,1,1,1,1,0,0,1,0,0,1,1,1,0,0,1,0,1,0,1,0,1,1,0,0,0,0,1,0,0,0,0,0,1,0
246,0,1,1,1,0,0,0,1,0,0,0,0,1,0,1,1,1,1,1,0,0,1,0,1,1,1,1,1,1,1,0,0,0,1,1,1,1,1,0,0,0,1,0,1,1,1,1,1,1,1
247,0,1,1,0,1,1,0,1,1,0,0,0,0,0,0,0,1,0,1,1,0,0,0,1,0,0,0,1,1,0,1,1,1,0,0,0,0,0,0,1,1,1,0,1,1,1,0,1,0,1
248,0,0,0,0,1,0,0,0,1,0,1,0,0,0,0,1,0,1,0,1,0,0,1,0,0,0,1,0,0,1,0,0,0,1,1,0,0,1,0,1,0,0,1,0,0,0,0,0,0,0
249,0,1,1,0,0,0,1,1,0,0,1,0,0,1,1,0,1,1,0,0,0,1,0,1,1,1,0,0,1,0,0,0,0,0,0,1,0,1,1,0,1,0,0,0,0,1,1,1,1,0
250,1,1,1,0,1,0,0,0,0,0,1,0,1,0,1,0,0,0,0,1,0,1,0,1,0,0,0,1,0,0,1,0,0,1,0,0,1,0,1,0,0,1,0,1,0,0,1,0,1,0
251,1,1,0,1,1,1,1,0,1,1,0,1,1,0,0,0,0,0,0,1,0,0,0,1,0,1,1,1,0,1,1,1,0,1,1,0,1,1,0,1,1,1,1,1,1,1,0,0,1,0
252,1,0,1,0,1,0,1,0,1,1,0,1,1,1,1,1,1,0,0,0,1,1,0,1,1,1,1,0,0,0,1,1,1,0,0,0,0,1,0,0,0,1,1,1,1,0,0,0,0,0
253,0,0,1,0,1,0,0,0,0,0,0,1,1,0,1,0,0,0,0,1,0,1,1,0,1,1,1,1,0,0,0,0,0,1,0,1,1,1,1,1,0,0,0,0,1,0,1,0,1,1
254,0,0,1,1,0,1,0,1,0,0,0,0,0,0,0,1,0,0,1,0,1,1,1,1,0,0,0,0,1,1,1,1,1,1,0,0,1,0,1,0,0,0,0,1,1,0,1,0,1,0
255,0,1,1,0,1,1,1,0,1,0,0,0,0,0,1,1,1,1,0,0,1,1,0,1,1,1,1,1,0,1,0,1,0,1,1,1,1,0,1,0,1,0,0,1,0,0,0,1,0,1
256,1,1,0,1,1,1,0,1,1,0,0,0,0,0,1,0,1,0,0,1,0,1,1,1,1,0,1,0,1,0,0,1,0,0,1,0,0,0,1,1,1,0,1,0,1,0,0,0,1,1
257,1,0,1,1,0,1,0,0,0,1,1,0,1,1,1,1,1,0,1,1,1,0,1,0,1,0,1,1,0,0,0,0,0,0,1,1,1,0,1,1,1,1,1,1,0,1,0,1,1,0
258,0,1,1,1,1,1,1,1,1,0,1,1,0,1,1,0,1,0,1,1,1,0,1,0,0,1,1,1,1,1,0,1,0,0,0,0,1,0,1,1,1,0,1,0,0,0,0,1,0,0
259,1,0,0,0,1,0,1,1,1,1,0,1,1,0,1,0,0,0,0,0,0,0,1,1,1,0,1,0,0,1,0,1,1,1,0,0,0,1,0,0,1,1,1,0,0,0,1,0,1,0
260,1,1,0,0,1,0,0,0,0,1,0,0,1,1,1,0,0,0,1,1,1,0,1,1,1,0,1,1,1,0,1,0,1,0,1,1,0,1,1,0,0,1,0,1,1,0,1,1,1,0
261,0,0,0,0,1,0,0,0,1,1,1,0,0,1,0,0,0,0,0,0,0,0,1,0,0,0,0,0,1,0,0,1,0,1,0,1,0,1,1,0,0,1,0,1,1,0,1,1,1,1
262,0,0,1,0,1,0,1,0,1,0,1,0,1,1,0,0,1,1,0,0,0,0,0,0,0,1,0,1,0,0,1,1,1,0,1,0,1,0,1,0,1,0,1,1,1,0,1,0,1,0
263,0,0,0,1,1,0,1,0,0,1,1,1,1,1,0,0,0,0,1,1,1,0,1,0,1,1,1,1,1,0,1,1,0,1,0,0,0,1,0,0,1,0,1,1,1,1,1,0,1,0
264,0,0,0,0,0,0,1,1,0,0,1,1,0,1,1,0,0,1,0,1,0,0,1,1,1,1,1,0,0,1,0,1,1,1,1,1,0,1,1,0,1,0,0,0,0,0,0,1,1,0
265,1,1,1,0,0,1,0,0,1,1,1,0,1,1,1,0,1,0,1,0,1,0,0,0,1,0,1,0,0,0,1,0,1,0,1,0,1,1,0,0,0,1,0,1,0,0,0,1,1,0
266,1,1,1,0,0,1,0,1,0,0,0,1,1,1,1,1,0,1,1,0,0,1,0,1,1,0,0,0,0,1,0,1,1,0,1,1,1,1,1,0,1,0,0,1,1,0,0,0,1,1
267,0,1,0,0,1,0,1,1,0,0,0,0,0,1,0,0,1,0,1,1,0,0,1,0,0,1,1,0,1,0,1,1,0,0,0,0,1,1,1,0,1,1,0,0,0,0,1,0,1,0
268,1,1,1,1,1,0,1,0,0,1,1,0,0,0,0,1,1,1,1,0,0,0,1,0,1,1,0,0,0,1,0,0,0,1,1,0,0,0,0,1,1,0,1,1,1,1,0,1,1,0
269,1,0,0,1,1,1,0,0,1,1,1,1,1,1,0,0,1,1,1,1,0,1,0,1,1,0,0,1,0,0,0,0,0,1,1,1,1,1,1,1,1,0,0,0,1,1,0,0,0,0
270,0,1,0,0,0,1,1,1,1,1,0,1,0,0,0,0,1,0,0,1,1,0,1,1,0,0,0,0,0,0,1,0,0,1,0,0,0,0,1,0,0,0,1,0,0,1,0,0,0,1
271,0,1,1,0,1,0,0,0,0,1,1,1,1,1,0,1,0,1,0,1,0,0,1,0,1,0,0,0,0,0,1,1,1,0,1,0,0,1,0,0,0,1,1,0,1,0,0,0,0,0
272,1,1,0,1,1,0,1,0,0,1,0,1,1,0,1,0,1,0,0,0,1,1,0,1,1,0,1,1,0,0,0,0,1,0,1,1,1,1,1,0,1,0,0,1,0,0,1,0,0,0
273,0,1,1,0,1,1,1,1,1,1,0,0,0,0,0,0,1,1,0,0,1,1,1,0,0,1,0,0,1,0,0,1,0,0,1,1,1,0,0,1,0,0,1,0,1,1,1,0,1,1
274,1,0,1,1,1,1,1,1,0,0,1,0,0,0,1,0,1,0,0,1,1,1,0,1,1,0,0,1,1,0,1,1,1,1,0,0,1,0,0,1,1,0,1,0,1,1,0,1,0,0
275,0,1,0,1,0,0,1,1,0,0,1,0,0,1,1,1,0,0,1,1,0,0,0,0,1,0,1,1,0,0,0,1,0,0,1,1,0,1,1,0,0,1,0,1,1,0,1,1,0,1
276,0,0,0,1,0,1,1,0,0,1,0,1,0,0,0,0,0,0,1,0,0,0,0,1,0,1,0,1,1,1,1,0,1,0,0,1,0,0,1,1,1,1,1,1,0,1,1,0,1,1
277,1,0,0,0,0,1,1,0,0,0,1,1,0,0,1,1,0,1,1,1,0,0,1,0,1,0,0,0,1,0,1,0,1,1,0,0,0,1,1,0,0,0,0,1,1,0,0,1,0,0
278,1,1,0,0,0,1,1,0,0,0,1,0,0,1,1,0,0,0,0,0,0,1,1,1,0,0,1,0,1,0,1,1,1,1,0,0,1,0,1,0,0,0,1,0,1,0,0,0,1,0
279,1,0,0,0,1,0,0,0,0,1,1,0,1,0,1,1,1,1,1,0,0,1,0,1,1,0,1,1,0,0,1,1,0,0,1,0,0,1,0,1,0,1,0,0,1,0,0,0,1,0
280,0,1,1,1,1,1,0,0,0,0,0,1,1,1,1,0,1,1,1,1,1,0,0,1,1,0,0,1,0,1,0,0,1,1,0,1,1,1,0,1,0,0,1,1,1,1,1,0,0,0
281,1,1,1,0,0,1,1,0,0,1,0,0,1,1,0,1,0,0,1,1,0,1,0,0,0,0,0,1,1,0,0,0,0,1,0,1,0,1,0,0,0,1,0,0,1,0,0,0,1,0
282,1,0,1,0,1,0,0,0,1,1,0,1,0,1,1,0,1,0,1,1,0,1,1,0,0,0,1,1,0,0,0,1,1,1,0,1,0,0,1,1,0,1,0,1,1,0,0,1,1,1
283,0,1,1,0,0,0,0,0,0,1,1,0,0,1,1,1,0,0,0,0,1,1,0,1,0,1,1,0,0,0,0,1,0,1,0,1,0,1,1,0,1,0,0,1,0,1,0,0,1,1
284,0,1,1,0,1,0,1,1,0,0,0,1,0,0,0,1,0,0,0,1,1,0,0,1,0,1,0,0,0,1,1,1,1,1,0,1,0,1,0,1,0,0,0,0,1,1,0,1,0,0
285,1,0,0,0,0,0,0,0,1,0,1,1,0,1,0,0,1,0,1,1,1,0,0,0,0,1,0,1,1,0,1,0,1,0,0,0,1,0,0,0,0,0,0,1,1,1,1,0,0,0
286,1,1,1,1,1,1,1,0,1,1,1,0,1,0,1,1,0,1,0,0,0,1,0,1,0,1,0,0,0,0,0,1,0,0,1,1,0,1,0,0,0,0,1,1,0,0,0,0,1,1
287,1,0,0,1,1,1,0,0,0,0,1,1,1,0,1,1,1,0,0,1,0,0,1,0,0,0,1,1,0,1,0,0,0,1,1,0,0,0,0,1,0,0,1,1,1,0,1,1,1,1
288,0,0,1,0,1,0,0,0,0,1,0,1,0,1,1,0,0,0,0,0,1,0,0,0,1,0,0,1,0,1,1,0,1,0,0,1,0,0,1,0,1,0,0,0,1,0,0,1,1,1
289,0,1,0,1,1,1,1,1,1,1,1,1,1,1,0,1,0,1,1,0,1,1,0,1,1,0,1,0,0,1,1,0,1,1,0,1,0,1,1,1,1,1,0,1,1,0,1,0,1,0
290,1,0,1,1,1,1,1,1,0,0,0,1,1,1,0,1,0,0,1,1,1,0,0,1,1,1,1,0,0,1,1,0,1,0,1,0,1,1,1,1,1,0,0,1,1,1,0,0,0,0
291,0,0,1,0,0,1,1,0,0,0,0,0,0,1,1,0,1,0,1,1,1,1,1,1,1,0,0,0,0,1,1,1,1,0,1,0,0,1,1,0,0,1,1,0,0,1,0,0,0,0
292,0,1,0,0,1,1,1,1,0,1,1,1,0,1,0,0,0,1,0,1,1,1,1,0,0,0,0,1,1,0,0,1,1,1,0,1,1,1,0,0,1,1,1,1,1,0,1,0,0,0
293,0,1,0,0,0,0,0,0,1,0,0,1,0,0,1,1,1,1,1,1,0,1,0,0,1,1,1,0,0,0,1,1,1,0,0,1,1,1,1,1,0,0,1,0,0,1,0,1,0,0
294,0,0,0,1,1,0,0,1,0,0,0,1,0,0,1,1,0,0,0,0,1,0,0,0,1,1,0,1,1,0,1,0,0,1,1,1,1,1,0,1,0,0,0,0,1,1,1,0,1,0
295,1,1,0,1,0,0,0,1,1,0,0,0,1,0,1,1,1,0,0,1,0,0,1,0,1,1,1,0,1,1,0,1,1,0,0,0,1,0,0,1,0,1,0,1,0,0,1,1,1,0
296,1,1,0,0,1,0,0,0,0,0,1,1,0,1,1,0,0,1,0,0,0,0,1,1,1,1,1,0,1,1,0,0,0,0,0,0,0,0,1,0,0,1,0,1,0,0,1,0,0,0
297,0,1,1,1,1,1,0,0,0,1,1,0,0,1,0,1,0,1,1,0,0,1,1,1,0,1,0,1,0,1,0,1,1,1,0,0,1,1,0,0,0,0,1,0,0,1,0,1,0,1
298,0,1,0,1,0,0,0,0,0,0,1,1,0,1,1,1,1,1,0,0,1,0,1,0,1,1,1,0,0,0,0,1,1,1,1,1,0,1,0,1,0,0,0,1,1,0,0,1,1,0
299,0,1,0,0,0,1,0,0,0,1,0,1,1,0,1,1,1,0,1,1,1,1,0,0,0,1,1,0,0,1,1,0,1,0,0,1,0,0,1,1,1,0,1,0,1,1,1,0,0,1
300,1,0,0,0,0,1,1,0,1,0,0,1,0,0,0,1,0,0,0,0,0,0,1,1,0,1,1,1,0,1,1,1,1,0,0,0,1,1,0,0,1,1,0,0,1,1,1,0,1,0
